nome,speakers,val,difficolta,link_learn
Inglese,1.5 miliardi,1500,2,https://www.duolingo.com/course/en/it/
Cinese Mandarino,1.1 miliardi,1100,5,https://it.babbel.com/
Hindi,602 milioni,602,4,https://www.duolingo.com/course/hi/en/
Spagnolo,560 milioni,560,2,https://www.duolingo.com/course/es/it/
Francese,310 milioni,310,3,https://www.duolingo.com/course/fr/it/
Arabo Standard,274 milioni,274,5,https://www.duolingo.com/course/ar/en/
Bengalese,272 milioni,272,4,https://www.mondly.com/
Portoghese,264 milioni,264,3,https://it.babbel.com/
Russo,255 milioni,255,4,https://www.duolingo.com/course/ru/en/
Urdu,231 milioni,231,4,https://ling-app.com/
Indonesiano,200 milioni,200,2,https://www.duolingo.com/course/id/en/
Tedesco,135 milioni,135,4,https://www.duolingo.com/course/de/it/
Punjabi,130 milioni,130,4,https://www.mondly.com/
Giapponese,123 milioni,123,5,https://www.duolingo.com/course/ja/en/
Nigeriano (Pidgin),120 milioni,120,2,https://www.bbc.co.uk/pidgin
Marathi,99 milioni,99,4,https://ling-app.com/
Telugu,96 milioni,96,4,https://www.mondly.com/
Turco,90 milioni,90,3,https://www.duolingo.com/course/tr/en/
Tamil,87 milioni,87,5,https://www.duolingo.com/course/ta/en/
Vietnamita,86 milioni,86,5,https://www.duolingo.com/course/vi/en/
Cinese Yue (Cantonese),86 milioni,86,5,https://www.mondly.com/
Tagalog,83 milioni,83,3,https://www.rosettastone.it/
Wu (Cinese),83 milioni,83,5,https://ai.glossika.com/
Coreano,82 milioni,82,5,https://www.duolingo.com/course/ko/en/
Iraniano (Persiano),78 milioni,78,4,https://www.mondly.com/
Hausa,77 milioni,77,3,https://www.mondly.com/
Swahili,72 milioni,72,2,https://www.duolingo.com/course/sw/en/
Giavanese,69 milioni,69,4,https://ling-app.com/
Italiano,68 milioni,68,3,https://www.duolingo.com/course/it/en/
Thai,61 milioni,61,5,https://ling-app.com/
Guaraní,60 milioni,60,4,https://www.duolingo.com/course/gn/es/
Amharico,57 milioni,57,5,https://www.mondly.com/
Kannada,56 milioni,56,4,https://ling-app.com/
Olandese,55 milioni,55,2,https://www.duolingo.com/course/nl/en/
Pashto,50 milioni,50,5,https://ling-app.com/
Yoruba,46 milioni,46,4,https://www.duolingo.com/course/yo/en/
Cinese Min Nan,46 milioni,46,5,https://ai.glossika.com/
Malayalam,45 milioni,45,5,https://ling-app.com/
Uzbeko,44 milioni,44,3,https://ling-app.com/
Polacco,41 milioni,41,4,https://www.duolingo.com/course/pl/en/
Oriya,40 milioni,40,4,https://ling-app.com/
Birmano,39 milioni,39,5,https://ling-app.com/
Ucraino,37 milioni,37,4,https://www.duolingo.com/course/uk/en/
Oromo,35 milioni,35,4,https://ling-app.com/
Azero,35 milioni,35,3,https://www.mondly.com/
Maithili,35 milioni,35,4,https://www.mondly.com/
Cinese Hakka,35 milioni,35,5,https://ai.glossika.com/
Berbero,30 milioni,30,4,https://ling-app.com/
Rumeno,28 milioni,28,2,https://www.duolingo.com/course/ro/en/
Somalo,22 milioni,22,4,https://www.mondly.com/
Malagascio,25 milioni,25,4,https://ling-app.com/
Sinhala,17 milioni,17,4,https://ling-app.com/
Khmer,16 milioni,16,4,https://ling-app.com/
Greco,14 milioni,14,4,https://www.duolingo.com/course/el/en/
Kazako,13 milioni,13,4,https://ling-app.com/
Ungherese,13 milioni,13,5,https://www.duolingo.com/course/hu/en/
Zulu,12 milioni,12,4,https://www.duolingo.com/course/zu/en/
Ceco,11 milioni,11,4,https://www.duolingo.com/course/cs/en/
Kirundi,11 milioni,11,4,https://ling-app.com/
Svedese,10 milioni,10,2,https://www.duolingo.com/course/sv/en/
Serbo,10 milioni,10,3,https://www.mondly.com/
Bulgaro,9 milioni,9,4,https://www.mondly.com/
Catalano,9 milioni,9,2,https://www.duolingo.com/course/ca/es/
Ebraico,9 milioni,9,4,https://www.duolingo.com/course/he/en/
Quechua,8 milioni,8,4,https://www.clic.edu/
Xhosa,8 milioni,8,4,https://www.mondly.com/
Santali,7.6 milioni,7,4,https://ling-app.com/
Tigrino,7 milioni,7,5,https://ling-app.com/
Turkmeno,7 milioni,7,3,https://ling-app.com/
Albanese,6 milioni,6,4,https://ling-app.com/
Armeno,6 milioni,6,4,https://ling-app.com/
Finlandese,6 milioni,6,5,https://www.duolingo.com/course/fi/en/
Danese,6 milioni,6,2,https://www.duolingo.com/course/da/en/
Sesotho,6 milioni,6,4,https://ling-app.com/
Bielorusso,5 milioni,5,4,https://www.mondly.com/
Slovacco,5 milioni,5,3,https://www.mondly.com/
Kirghiso,5 milioni,5,4,https://ling-app.com/
Wolof,5 milioni,5,3,https://www.mondly.com/
Tsonga,5 milioni,5,4,https://ling-app.com/
Georgiano,4 milioni,4,5,https://ling-app.com/
Tok Pisin,4 milioni,4,2,https://ling-app.com/
Lituano,3 milioni,3,4,https://www.mondly.com/
Aymara,2.8 milioni,2,4,https://ling-app.com/
Dogri,2.6 milioni,2,4,https://ling-app.com/
Sloveno,2.5 milioni,2,3,https://www.mondly.com/
Konkani,2.5 milioni,2,4,https://ling-app.com/
Galiziano,2.4 milioni,2,2,https://www.duolingo.com/course/gl/es/
Lettone,2 milioni,2,4,https://www.mondly.com/
Macedone,2 milioni,2,3,https://www.mondly.com/
Ndebele,2 milioni,2,4,https://ling-app.com/
Manipuri,1.8 milioni,1,5,https://ling-app.com/
Bodo,1.4 milioni,1,4,https://ling-app.com/
Venda,1.3 milioni,1,4,https://ling-app.com/
Estone,1.1 milioni,1,5,https://www.mondly.com/
Sardo,1 milione,1,3,https://www.limbasarda.it/
Gallese,900 mila,1,4,https://www.duolingo.com/course/cy/en/
Tetum,800 mila,1,2,https://ling-app.com/
Basco,700 mila,1,5,https://www.mondly.com/
Friulano,600 mila,1,3,https://www.claap.org/
Osseto,500 mila,1,5,https://ling-app.com/
Maltese,500 mila,1,4,https://www.mondly.com/
Occitano,500 mila,1,2,https://www.locongres.org/
Islandese,400 mila,1,4,https://www.mondly.com/
Lussemburghese,400 mila,1,3,https://www.mondly.com/
Dzongkha,200 mila,1,5,https://ling-app.com/
Abcaso,190 mila,1,5,https://ling-app.com/
Bislama,100 mila,1,2,https://www.mondly.com/
Gaelico Scozzese,60 mila,1,4,https://www.duolingo.com/course/gd/en/
Francoprovenzale,60 mila,1,2,https://www.arpitan.eu/
Latino,30 mila,1,4,https://www.duolingo.com/course/la/en/
Ladino,30 mila,1,4,https://www.noeles.net/
Mirandese,10 mila,1,2,https://www.pueblos-espana.org/